{
  "stl": "TestDocs/AIgen_RevolvedOgive.stl",
  "n_triangles": 6142,
  "bounds": [
    [
      -12.008167,
      -12.019376,
      0.0
    ],
    [
      12.023113,
      12.019376,
      30.0
    ]
  ],
  "candidates": {
    "X": {
      "axis": [
        1.0,
        0.0,
        0.0
      ],
      "origin": [
        0.13262875567133323,
        0.0035808004450219107,
        18.536529919081786
      ],
      "score": 0.4881134524613197,
      "inlier_frac": 0.7684793226961901,
      "mean_r_residual": 1.9395636662046982,
      "mean_theta_cov": 0.6909722222222222,
      "n_inliers": 4720,
      "n_total": 6142,
      "z_extent": [
        -12.138073422338001,
        11.870240577662
      ],
      "r_extent": [
        0.14505522698024437,
        22.076251277573117
      ],
      "profile": [
        [
          -11.637900214004668,
          17.306115602498615,
          107,
          107
        ],
        [
          -10.637553797338,
          15.59750531113346,
          77,
          77
        ],
        [
          -9.637207380671335,
          11.028210806448838,
          135,
          135
        ],
        [
          -8.636860964004669,
          8.367023648212355,
          281,
          193
        ],
        [
          -7.636514547338002,
          9.41335940258249,
          267,
          177
        ],
        [
          -6.636168130671335,
          9.765713614233414,
          329,
          234
        ],
        [
          -5.635821714004669,
          7.257775229038875,
          418,
          395
        ],
        [
          -4.635475297338001,
          10.627569943836214,
          327,
          223
        ],
        [
          -3.635128880671335,
          11.458726401081837,
          308,
          189
        ],
        [
          -2.634782464004668,
          11.584562593566151,
          268,
          182
        ],
        [
          -1.634436047338001,
          11.717478341968388,
          251,
          193
        ],
        [
          -0.6340896306713351,
          11.787543211429313,
          216,
          144
        ],
        [
          0.36625678599533185,
          11.683120953932425,
          301,
          194
        ],
        [
          1.3666032026619988,
          11.833257218971948,
          252,
          173
        ],
        [
          2.3669496193286657,
          11.560741565461147,
          266,
          197
        ],
        [
          3.3672960359953326,
          11.385172707709106,
          317,
          187
        ],
        [
          4.367642452661999,
          10.808889055058646,
          322,
          295
        ],
        [
          5.367988869328665,
          6.843427723961487,
          423,
          402
        ],
        [
          6.368335285995332,
          9.595236913762399,
          332,
          244
        ],
        [
          7.368681702662,
          9.375011982060983,
          289,
          202
        ],
        [
          8.369028119328666,
          8.364596215263255,
          303,
          224
        ],
        [
          9.369374535995332,
          10.402341366351322,
          149,
          149
        ],
        [
          10.369720952661998,
          15.679644268523909,
          88,
          88
        ],
        [
          11.370067369328666,
          16.998558987569737,
          116,
          116
        ]
      ],
      "n_z_buckets": 24
    },
    "Y": {
      "axis": [
        0.0,
        1.0,
        0.0
      ],
      "origin": [
        0.13262875567133323,
        0.0035808004450219107,
        18.536529919081786
      ],
      "score": 0.49320795625073105,
      "inlier_frac": 0.7694562031911429,
      "mean_r_residual": 1.964423836205462,
      "mean_theta_cov": 0.6979166666666666,
      "n_inliers": 4726,
      "n_total": 6142,
      "z_extent": [
        -12.007552800445021,
        12.000391199554977
      ],
      "r_extent": [
        0.15899466923571862,
        22.116089111254915
      ],
      "profile": [
        [
          -11.507387300445021,
          17.17226378347834,
          100,
          100
        ],
        [
          -10.507056300445022,
          15.622393531344317,
          87,
          87
        ],
        [
          -9.506725300445021,
          11.122616311503867,
          130,
          130
        ],
        [
          -8.506394300445022,
          8.379985130574626,
          287,
          206
        ],
        [
          -7.506063300445022,
          9.410215707823856,
          268,
          175
        ],
        [
          -6.505732300445022,
          9.709187316108611,
          323,
          229
        ],
        [
          -5.505401300445023,
          7.163189154478141,
          405,
          386
        ],
        [
          -4.505070300445022,
          10.646928772671691,
          327,
          301
        ],
        [
          -3.5047393004450225,
          11.461083318600707,
          306,
          198
        ],
        [
          -2.5044083004450224,
          11.54988728878601,
          270,
          181
        ],
        [
          -1.5040773004450223,
          11.614543365942346,
          272,
          179
        ],
        [
          -0.5037463004450231,
          11.86831459326224,
          293,
          212
        ],
        [
          0.49658469955497697,
          11.887725126596349,
          305,
          211
        ],
        [
          1.496915699554977,
          11.581444572041583,
          266,
          175
        ],
        [
          2.497246699554977,
          11.51644153613896,
          261,
          171
        ],
        [
          3.497577699554977,
          11.460047138352696,
          310,
          192
        ],
        [
          4.497908699554976,
          10.605504698008033,
          323,
          266
        ],
        [
          5.498239699554976,
          7.159203784441753,
          409,
          389
        ],
        [
          6.498570699554977,
          9.745225072428521,
          326,
          233
        ],
        [
          7.4989016995549775,
          9.390756665191347,
          271,
          183
        ],
        [
          8.499232699554977,
          8.348210309343274,
          284,
          203
        ],
        [
          9.499563699554976,
          11.029159862049937,
          128,
          128
        ],
        [
          10.499894699554975,
          15.735325644009116,
          87,
          87
        ],
        [
          11.500225699554976,
          17.198444171483555,
          104,
          104
        ]
      ],
      "n_z_buckets": 24
    },
    "Z": {
      "axis": [
        0.0,
        0.0,
        1.0
      ],
      "origin": [
        0.13262875567133323,
        0.0035808004450219107,
        18.536529919081786
      ],
      "score": 0.9754229301665654,
      "inlier_frac": 0.9877889938130902,
      "mean_r_residual": 0.15388218048015403,
      "mean_theta_cov": 1.0,
      "n_inliers": 6067,
      "n_total": 6142,
      "z_extent": [
        -18.536529919081786,
        11.463470080918214
      ],
      "r_extent": [
        0.9878716708593972,
        12.138073950516201
      ],