{
  "stl": "TestDocs/AIgen_EllipticCylinder.stl",
  "n_triangles": 628,
  "bounds": [
    [
      -9.999977111816406,
      -5.999783992767334,
      0.0
    ],
    [
      10.0,
      5.999881267547607,
      30.0
    ]
  ],
  "candidates": {
    "X": {
      "axis": [
        1.0,
        0.0,
        0.0
      ],
      "origin": [
        0.18483578004812948,
        0.05113324868609445,
        15.0
      ],
      "score": 0.34908079204389486,
      "inlier_frac": 0.5939490445859873,
      "mean_r_residual": 1.228411289635959,
      "mean_theta_cov": 0.6354166666666666,
      "n_inliers": 373,
      "n_total": 628,
      "z_extent": [
        -10.18353496828055,
        9.814165405051154
      ],
      "r_extent": [
        5.000000129608464,
        15.139449267133765
      ],
      "profile": [
        [
          -9.766916210502806,
          5.544220466875933,
          106,
          54
        ],
        [
          -8.933678694947318,
          15.019696805403475,
          43,
          22
        ],
        [
          -8.100441179391831,
          6.366191303208918,
          29,
          15
        ],
        [
          -7.267203663836344,
          10.864714867049727,
          20,
          20
        ],
        [
          -6.433966148280856,
          15.069715392851924,
          19,
          10
        ],
        [
          -5.600728632725369,
          7.229674769760318,
          17,
          9
        ],
        [
          -4.767491117169881,
          7.413419248180106,
          13,
          7
        ],
        [
          -3.9342536016143934,
          15.10359147273926,
          15,
          8
        ],
        [
          -3.1010160860589058,
          15.115179738940867,
          15,
          8
        ],
        [
          -2.267778570503418,
          11.445780352728844,
          12,
          12
        ],
        [
          -1.434541054947931,
          11.474007686682905,
          12,
          12
        ],
        [
          -0.6013035393924433,
          7.845068749068015,
          9,
          5
        ],
        [
          0.23193397616304523,
          11.485787129634174,
          12,
          12
        ],
        [
          1.0651714917185329,
          15.123286919727729,
          11,
          6
        ],
        [
          1.8984090072740196,
          11.449603902753262,
          12,
          12
        ],
        [
          2.7316465228295073,
          7.6649607668651525,
          9,
          5
        ],
        [
          3.564884038384996,
          7.570237331767941,
          13,
          7
        ],
        [
          4.398121553940483,
          11.257224890857351,
          12,
          12
        ],
        [
          5.23135906949597,
          11.133169278710149,
          16,
          16
        ],
        [
          6.064596585051458,
          15.069408990863892,
          19,
          10
        ],
        [
          6.897834100606946,
          15.054607429073357,
          23,
          12
        ],
        [
          7.731071616162433,
          6.355571452530696,
          26,
          14
        ],
        [
          8.56430913171792,
          15.0187012658086,
          46,
          24
        ],
        [
          9.397546647273408,
          5.516738856980815,
          119,
          61
        ]
      ],
      "n_z_buckets": 24
    },
    "Y": {
      "axis": [
        0.0,
        1.0,
        0.0
      ],
      "origin": [
        0.18483578004812948,
        0.05113324868609445,
        15.0
      ],
      "score": 0.44240427581874225,
      "inlier_frac": 0.8375796178343949,
      "mean_r_residual": 0.22407927719980636,
      "mean_theta_cov": 0.5347222222222222,
      "n_inliers": 526,
      "n_total": 628,
      "z_extent": [
        -6.047535671273171,
        5.946291830659609
      ],
      "r_extent": [
        5.000207910481378,
        18.12925154612487
      ],
      "profile": [
        [
          -5.797664264982904,
          5.451757600694229,
          27,
          27
        ],
        [
          -5.297921452402372,
          6.9077659337377995,
          14,
          14
        ],
        [
          -4.79817863982184,
          7.884158096824205,
          10,
          10
        ],
        [
          -4.298435827241308,
          8.636684192753936,
          11,
          11
        ],
        [
          -3.798693014660775,
          9.300365461922398,
          12,
          12
        ],
        [
          -3.298950202080242,
          9.779741970903167,
          11,
          11
        ],
        [
          -2.79920738949971,
          10.192457847215778,
          11,
          11
        ],
        [
          -2.299464576919177,
          10.61998375450572,
          13,
          11
        ],
        [
          -1.7997217643386447,
          15.336366756474057,
          62,
          48
        ],
        [
          -1.2999789517581122,
          16.809775958394614,
          45,
          34
        ],
        [
          -0.8002361391775792,
          17.554218807595863,
          46,
          34
        ],
        [
          -0.30049332659704664,
          17.884538954472486,
          42,
          30
        ],
        [
          0.19924948598348546,
          17.90612742364668,
          51,
          38
        ],
        [
          0.698992298564018,
          17.508556095847975,
          48,
          36
        ],
        [
          1.198735111144551,
          16.68906804536513,
          48,
          36
        ],
        [
          1.6984779237250835,
          15.258278829873007,
          64,
          52
        ],
        [
          2.1982207363056157,
          10.502982994363649,
          13,
          13
        ],
        [
          2.6979635488861478,
          10.137541171754552,
          12,
          12
        ],
        [
          3.1977063614666807,
          9.760939331668352,
          13,
          13
        ],
        [
          3.6974491740472137,
          9.230407291027465,
          9,
          7
        ],
        [
          4.197191986627746,
          8.638706868251463,
          11,
          11
        ],
        [
          4.696934799208279,
          7.85864872870366,
          13,
          13
        ],
        [
          5.196677611788812,
          6.901326539245494,
          13,
          13
        ],
        [
          5.696420424369343,
          5.426940465341547,
          29,
          29
        ]
      ],
      "n_z_buckets": 24
    },
    "Z": {
      "axis": [
        0.0,
        0.0,
        1.0
      ],
      "origin": [
        0.18483578004812948,
        0.05113324868609445,
        15.0
      ],
      "score": 0.7747992829227848,
      "inlier_frac": 0.8614649681528662,
      "mean_r_residual": 1.1391391010361331,
      "mean_theta_cov": 1.0,
      "n_inliers": 541,
      "n_total": 628,
      "z_extent": [
        -15.0,
        15.0
      ],
      "r_extent": [
        1.9475770170675226,
        10.184008464518172
      ],
      "profile": [
        [
          -14.375,
          8.366749669485596,
          156,
          131
        ],
        [
          -4.375,
          8.9663365946889,
          158,
          138
        ],
        [
          5.625,
          8.956895446817523,
          158,
          141
        ],
        [
          14.375,
          8.366749669485596,
          156,
          131
        ]
      ],
      "n_z_buckets": 24
    },
    "pca": {
      "axis": [
        3.134233458081674e-05,
        4.4478212730134076e-05,
        0.999999998519673
      ],
      "origin": [
        0.18483578004812948,
        0.05113324868609445,
        15.0
      ],
      "score": 0.5672847855517879,
      "inlier_frac": 0.8678343949044586,
      "mean_r_residual": 1.0678942425592586,
      "mean_theta_cov": 0.7222222222222222,
      "n_inliers": 545,
      "n_total": 628,